source,term_name,term_id,adjusted_p_value,negative_log10_of_adjusted_p_value,term_size,query_size,intersection_size,effective_domain_size,intersections
CHEA_gene_set_library_crisp,9575,CLOCK,8.595118156110647e-13,12.065748148739099,405,184,25,21585,"TSC22D3,PPP1R3C,CEBPB,CDKN1A,EPHX1,SLC25A25,ALAS1,MGST3,ANGPTL4,CLPX,MKNK2,COQ10B,NFKBIA,PGRMC1,DDIT4,TUBB2A,F11R,COL18A1,H6PD,CEBPA,LITAF,TMSB10,LASP1,DUSP1,AMD1"
CHEA_gene_set_library_crisp,3172,HNF4A,1.8195178389333003e-12,11.740043682142975,6491,229,124,21585,"CTH,UBD,SDC4,MT2A,APOC4,IGFBP1,ERRFI1,EHHADH,TSKU,CEBPB,ORM1,CDKN1A,NQO1,EPHX1,SLC25A25,ACADM,ALAS1,NR0B2,SCD,METTL7B,SLC38A2,TAT,ACAD10,SLC25A15,ANGPTL4,CLPX,ACACB,CDH1,ACSM3,DHCR24,ZFP36,AHCY,DAP,CLDN3,CSAD,APLP2,POLG2,NFKBIA,TIFA,ENTPD5,RPS6,MYC,DDIT4,F11R,COL18A1,DECR2,GSTA2,ETNPPL,BHMT,CLDN7,ATOX1,PPARD,DCXR,DMGDH,UROC1,IL1RN,H6PD,NDUFB8,CEBPA,G6PC,TMEM140,CMC1,RPS19,MAT1A,NR1I3,CSNK1D,PNRC1,SERPINC1,LITAF,PNKD,SESN2,ACOX1,IFRD1,DPYD,PDLIM1,BCL3,DLST,AQP8,CRYZ,DNAJC12,FKBP8,SLCO2B1,CITED2,DHCR7,AAMDC,NDRG2,B3GALT1,FLNB,PTTG1IP,ENC1,LASP1,PKDCC,ECHDC3,SUPT4H1,IVD,DUSP1,SRSF4,IDH1,TGIF1,PXMP4,LPIN2,ETHE1,ALDH6A1,IL6R,STIM1,CDC42EP4,RAB7A,MAOB,SLC6A9,PROZ,SCLY,TCEA3,RNF103,PTGR1,ACOT12,APMAP,GCHFR,WBP1L,CTDSP1,UPB1,RPS21,MAFF,AP2A2,AMOTL2"
CHEA_gene_set_library_crisp,2099,ESR1,2.5646522604998267e-11,10.590971512261344,2253,229,63,21585,"SDC4,TSC22D3,IGFBP1,PPP1R3C,CDKN1A,NQO1,ACADM,NR0B2,TAT,SLC25A15,ANGPTL4,CLPX,DHCR24,PPP1R3B,MKNK2,AHCY,DAP,SLCO2A1,B2M,SIK1,NFKBIA,PGRMC1,BST2,SERF2,EIF4EBP3,CXCL9,F11R,PCP4L1,ETNPPL,DMGDH,UROC1,REEP5,G6PC,NFIL3,MAT1A,GNMT,CXCL1,NR1I3,SERPINC1,LITAF,ACOX1,BCL3,DNAJC12,SLCO2B1,CITED2,NDRG2,B3GALT1,FLNB,ENC1,ATP1B1,PKDCC,HMGN3,ECHDC3,UOX,IDH1,BTG1,PROZ,LGALSL,CA8,ACOT12,WBP1L,TYMP,AMOTL2"
CHEA_gene_set_library_crisp,7022,TFAP2C,1.042539124102657e-8,7.981907637972367,3510,227,76,21585,"SDC4,TSC22D3,PPP1R3C,ERRFI1,EHHADH,CREG1,ACADM,SCD,SLC38A2,CDH1,PPP1R15A,ZFP36,MKNK2,REEP6,AHCY,DAP,CLDN3,SLCO2A1,APLP2,POLG2,NFKBIA,PGRMC1,MYC,SERF2,DDIT4,TUBB2A,F11R,COL18A1,WFDC2,CLDN7,ATOX1,PPARD,H6PD,JUND,IGSF5,NFIL3,GNMT,MAP1LC3B,SLC25A32,PNRC1,LITAF,PNKD,SESN2,IFRD1,ACAD9,PDLIM1,BCL3,GABARAPL1,TMEM98,AAMDC,FLNB,PTTG1IP,ENC1,LASP1,AMD1,ST6GALNAC4,STRADB,IDH1,SLC25A39,TGIF1,BTG1,SLC13A2,LPIN2,ETHE1,IL6R,DPT,CDC42EP4,RAB7A,LGALSL,LYRM2,RNF103,APMAP,POLR3K,GLS2,RPS21,AP2A2"
CHEA_gene_set_library_crisp,1958,EGR1,1.4023421836732426e-8,7.85314600181249,6645,228,116,21585,"CTH,SDC4,MLC1,HAMP,APOC4,TSC22D3,TSKU,CEBPB,ORM1,CDKN1A,TDO2,NQO1,EPHX1,SLC25A25,ACADM,MGST3,SCD,METTL7B,FAM89A,TAT,SLC25A15,ANGPTL4,CLPX,ACACB,CDH1,DHCR24,BTG2,MFSD2A,ZFP36,MKNK2,AHCY,DAP,CLDN3,CSAD,SIK1,APLP2,POLG2,TIFA,MYC,CXCL9,JUN,TUBB2A,RARRES2,COL18A1,GSTA2,SLC25A1,WFDC2,CLDN7,PPARD,DCXR,ECI1,UROC1,IL1RN,GCK,H6PD,CEBPA,REEP5,G6PC,JUND,NFIL3,MAT1A,GNMT,EBPL,MAP1LC3B,CSNK1D,PNRC1,SERPINC1,LITAF,PNKD,SESN2,IFRD1,DPYD,PDLIM1,BCL3,SORD,GABARAPL1,PALD1,SERPING1,FKBP8,TMSB10,SLCO2B1,CITED2,DHCR7,NDRG2,FBXO3,FLNB,PTTG1IP,LASP1,ATP1B1,ECHDC3,MOCOS,NME3,ST6GALNAC4,INSIG1,IDH1,SLC25A39,TGIF1,BTG1,LPIN2,ENTPD8,IL6R,STIM1,CDC42EP4,MAOB,SLC6A9,PROZ,LGALSL,SCLY,TCEA3,ACOT12,WBP1L,UPB1,GLS2,MAFF,AP2A2,TYMP"
CHEA_gene_set_library_crisp,5468,PPARG,2.7659803359992388e-8,7.558150911716722,4432,229,88,21585,"CTH,UBD,APOC1,PPP1R3C,ERRFI1,EHHADH,CEBPB,CDKN1A,NQO1,EPHX1,SLC25A25,ACADM,ALAS1,APOC2,MGST3,SCD,SLC38A2,FAM89A,ACAD10,ANGPTL4,CLPX,ACSM3,BTG2,ZFP36,FBXO9,KLF15,DAP,UQCRQ,COQ10B,APLP2,POLG2,FZD1,ENTPD5,MYC,SERF2,DDIT4,CXCL9,JUN,F11R,SLC25A1,ECI1,UROC1,H6PD,CEBPA,REEP5,G6PC,GSTT2,TMEM140,NFIL3,RPS19,CXCL1,PPCS,MAP1LC3B,PNRC1,LITAF,SESN2,ACOX1,IFRD1,ACAD9,DNAJA3,GABARAPL1,SLCO2B1,CITED2,DHCR7,ENC1,LASP1,PKDCC,DUSP1,SRSF4,AMD1,INSIG1,IDH1,TGIF1,BTG1,ACYP1,IL6R,STIM1,CDC42EP4,RAB7A,LGALSL,APMAP,POLR3K,GCHFR,PARP9,GLS2,RPS21,MAFF,AMOTL2"
CHEA_gene_set_library_crisp,22803,XRN2,1.5051806390831876e-7,6.822411376582185,1524,225,43,21585,"CTH,TSC22D3,METTL7B,SLC38A2,PPP1R15A,MKNK2,UQCRQ,B2M,POLG2,RPS6,MYC,SERF2,DDIT4,EIF4EBP3,JUN,SLC25A1,RPL36,H6PD,CEBPA,TMEM140,CMC1,RPS19,RPS28,CSNK1D,PNRC1,SESN2,ACAT1,GABARAPL1,TMSB10,CITED2,MAFB,DUSP1,CHURC1,AMD1,INSIG1,SLC25A39,BTG1,PXMP4,IP6K2,LYRM2,RNF103,WBP1L,RPS21"
CHEA_gene_set_library_crisp,54457,TAF7L,3.71506592104753e-7,6.430033475606453,731,200,26,21585,"ORM1,CDKN1A,SLC25A25,ACADM,SCD,MKNK2,KLF15,DAP,NFKBIA,PGRMC1,ENTPD5,DDIT4,SLC25A1,ECI1,REEP5,TMEM140,NFIL3,RPS19,IFRD1,GABARAPL1,CITED2,SRSF4,SLC25A39,TGIF1,ALDH6A1,IL6R"
CHEA_gene_set_library_crisp,190,NR0B1,5.384716050811213e-7,6.268837193167706,1582,194,39,21585,"APOC1,CDKN1A,ACADM,MGST3,SCD,CDH1,DHCR24,PPP1R3B,BTG2,ZFP36,NFKBIA,ENTPD5,SERF2,DDIT4,EIF4EBP3,GSTA2,SLC25A1,WFDC2,RPL36,GSTT2,PPCS,MAP1LC3B,SESN2,PDLIM1,BCL3,CITED2,DHCR7,MAFB,FLNB,PTTG1IP,ENC1,LASP1,ATP1B1,MOCOS,DUSP1,IDH1,SLC25A39,TGIF1,SLC13A2"
CHEA_gene_set_library_crisp,2308,FOXO1,0.0000030477156033652106,5.516025561496387,326,191,16,21585,"IGFBP1,TSKU,ALAS1,NR0B2,SLC25A47,AHCY,KLF15,EIF4EBP3,CEBPA,TMEM140,MAT1A,GNMT,MAP1LC3B,DHCR7,UOX,TGIF1"
CHEA_gene_set_library_crisp,6886,TAL1,0.00000365209546651703,5.4374578784434195,3375,228,68,21585,"TSC22D3,ERRFI1,EHHADH,CREG1,CDKN1A,MGST3,SCD,ACAD10,DHCR24,BTG2,ZFP36,MKNK2,REEP6,UQCRQ,CLDN3,B2M,POLG2,TIFA,RPS6,MYC,SERF2,DDIT4,JUN,TUBB2A,F11R,COL18A1,SLC25A1,ECI1,DHTKD1,RPL36,CEBPA,JUND,RPS19,HEBP1,MAP1LC3B,PNRC1,SESN2,IFRD1,DNAJA3,AQP8,FKBP8,TMSB10,CITED2,MAFB,FBXO3,ENC1,ATP1B1,PKDCC,ECHDC3,SUPT4H1,DUSP1,INSIG1,STRADB,SLC25A39,TGIF1,BTG1,LPIN2,IL6R,CDC42EP4,SLC6A9,SCLY,LYRM2,RNF103,POLR3K,GCHFR,RPS21,AP2A2,TYMP"
CHEA_gene_set_library_crisp,5970,RELA,0.0000064705939510601284,5.189055852588075,1180,145,26,21585,"SDC4,HAMP,IGFBP1,TSKU,ORM1,CDKN1A,NQO1,PPP1R15A,CSAD,B2M,NFKBIA,TIFA,PIGR,MYC,CXCL9,JUN,F11R,ATOX1,IL1RN,G6PC,CXCL1,RPS28,AKR1C1,PNKD,DPYD,BCL3"
CHEA_gene_set_library_crisp,6657,SOX2,0.000007860040195012093,5.1045752330410865,8167,225,124,21585,"CTH,APOC1,SDC4,MT2A,APOC4,ERRFI1,TSKU,NQO1,SLC25A25,ALAS1,APOC2,APOL3,NR0B2,SCD,SLC25A47,SLC38A2,FAM89A,SLC25A15,CDH1,ACSM3,PPP1R15A,IFI27,BTG2,ZFP36,TMEM176B,FBXO9,AHCY,KLF15,DAP,CLDN3,SLCO2A1,CSAD,SIK1,APLP2,POLG2,NFKBIA,FZD1,PGRMC1,MYC,BST2,DDIT4,JUN,F11R,GLOD5,SLC25A1,WFDC2,ETNPPL,CLDN7,ATOX1,PPARD,UROC1,IL1RN,GCK,H6PD,NDUFB8,REEP5,IGSF5,TMEM140,NFIL3,RPS19,HEBP1,EBPL,CXCL1,NR1I3,PPCS,CSNK1D,PNRC1,LITAF,SESN2,ACOX1,IFRD1,ACAT1,DPYD,PDLIM1,BCL3,GABARAPL1,DLST,PALD1,TMEM98,DNAJC12,FKBP8,TMSB10,SLCO2B1,CITED2,DHCR7,AAMDC,OOEP,MAFB,FBXO3,FLNB,ENC1,AHR,LASP1,ATP1B1,HMGN3,IVD,MOCOS,DUSP1,NME3,CHURC1,SRSF4,AMD1,INSIG1,STRADB,TGIF1,BTG1,ACYP1,SLC13A2,ETHE1,IL6R,STIM1,CDC42EP4,RAB7A,MAOB,PROZ,IP6K2,TCEA3,CA8,PTGR1,WBP1L,CTDSP1,PARP9,GLS2,RPS21"
CHEA_gene_set_library_crisp,64710,NUCKS1,0.000023809572560592053,4.623248401161374,587,191,20,21585,"IGFBP1,CEBPB,CDKN1A,PPP1R15A,BTG2,ZFP36,B2M,NFKBIA,MYC,DDIT4,JUN,COL18A1,CEBPA,JUND,BCL3,FKBP8,CITED2,NDRG2,DUSP1,TGIF1"
CHEA_gene_set_library_crisp,6720,SREBF1,0.00003245413151868966,4.488730008214797,706,134,18,21585,"IGFBP1,ERRFI1,SLC25A25,SCD,CLPX,ACACB,PPP1R15A,ZFP36,MKNK2,CLDN3,JUN,DECR2,RPL36,CEBPA,RPS19,RPS28,PNRC1,SERPINC1"
CHEA_gene_set_library_crisp,467,ATF3,0.00006262567970106803,4.203247547530745,2114,229,47,21585,"CTH,SDC4,MT2A,TSC22D3,ERRFI1,CEBPB,CDKN1A,SLC25A25,ACADM,PPP1R15A,DHCR24,AHCY,UQCRQ,COQ10B,POLG2,MYC,EIF4EBP3,JUN,ATOX1,GCK,TMEM140,NFIL3,MAP1LC3B,CSNK1D,SESN2,ACOX1,IFRD1,PDLIM1,GABARAPL1,CITED2,FLNB,ENC1,LASP1,ATP1B1,DUSP1,ST6GALNAC4,BTG1,ALDH6A1,IL6R,DPT,RAB7A,TCEA3,APMAP,GCHFR,RPS21,MAFF,AMOTL2"
CHEA_gene_set_library_crisp,3170,FOXA2,0.00008990479931037707,4.046217124080118,2936,222,57,21585,"SDC4,IGFBP1,TSKU,CEBPB,CDKN1A,ALAS1,NR0B2,SLC38A2,ANGPTL4,CLPX,CDH1,DHCR24,ZFP36,AHCY,CLDN3,SLCO2A1,CSAD,APLP2,DDIT4,COL18A1,PPARD,DMGDH,UROC1,G6PC,TMEM140,RPS19,MAT1A,LITAF,PNKD,ACOX1,PDLIM1,TMEM98,DNAJC12,SLCO2B1,CITED2,B3GALT1,FLNB,LASP1,PKDCC,ECHDC3,SUPT4H1,SRSF4,AMD1,TGIF1,LPIN2,ALDH6A1,IL6R,STIM1,RAB7A,SLC6A9,RNF103,CA8,ACOT12,APMAP,WBP1L,CTDSP1,UPB1"
CHEA_gene_set_library_crisp,79923,NANOG,0.00010148237717248286,3.9936093682063167,6491,229,103,21585,"CTH,UBD,APOC1,SDC4,ERRFI1,CREG1,CDKN1A,TDO2,NQO1,ACADM,ALAS1,SCD,SLC25A15,CDH1,PPP1R15A,PPP1R3B,FBXO9,AHCY,KLF15,CLDN3,SLCO2A1,CSAD,B2M,SIK1,APLP2,POLG2,NFKBIA,MYC,BST2,SERF2,DDIT4,JUN,TUBB2A,F11R,COL18A1,GLOD5,DECR2,GSTA2,SLC25A1,PPARD,RPL36,UROC1,GCK,GSTT2,TMEM140,RPS19,GNMT,NR1I3,MAP1LC3B,SLC25A32,PNKD,SESN2,IFRD1,ACAD9,DPYD,PDLIM1,BCL3,DLST,AQP8,PALD1,TMEM98,CRYZ,SERPING1,TMSB10,CITED2,DHCR7,AAMDC,OOEP,MAFB,FBXO3,FLNB,PTTG1IP,ENC1,LASP1,ATP1B1,PKDCC,SUPT4H1,MOCOS,DUSP1,SRSF4,AMD1,UOX,IDH1,TGIF1,BTG1,ACYP1,SLC13A2,IL6R,STIM1,CDC42EP4,SLC6A9,TCEA3,CA8,ACOT12,POLR3K,GCHFR,WBP1L,CTDSP1,PARP9,GLS2,RPS21,TYMP,AMOTL2"
CHEA_gene_set_library_crisp,1869,E2F1,0.00015615299044703532,3.8064496942886663,5927,227,95,21585,"CTH,SDC4,PPP1R3C,TSKU,CEBPB,CREG1,CDKN1A,NQO1,EPHX1,ACADM,APOL3,MGST3,SLC38A2,ACAD10,ANGPTL4,CDH1,PPP1R15A,DHCR24,BTG2,ZFP36,FBXO9,AHCY,UQCRQ,COQ10B,B2M,APLP2,NFKBIA,PGRMC1,ENTPD5,RPS6,MYC,BST2,SERF2,DDIT4,TUBB2A,F11R,COL18A1,ATOX1,ECI1,DHTKD1,H6PD,NDUFB8,REEP5,JUND,HEBP1,GNMT,EBPL,PPCS,SLC25A32,RPS28,CSNK1D,PNRC1,LITAF,SESN2,ACOX1,IFRD1,ACAT1,ACAD9,DNAJA3,PDLIM1,DLST,GSTM1,DNAJC12,CITED2,OOEP,MAFB,FLNB,PTTG1IP,LASP1,ATP1B1,SUPT4H1,IVD,MOCOS,DUSP1,NME3,NUCB1,CHURC1,INSIG1,IDH1,TGIF1,BTG1,ACYP1,ETHE1,ALDH6A1,SLC6A9,LGALSL,SCLY,TCEA3,APMAP,POLR3K,PARP9,GLS2,RPS21,MAFF,AP2A2"
CHEA_gene_set_library_crisp,23133,PHF8,0.00025479948946230207,3.5938014465247843,1473,213,34,21585,"CTH,SDC4,CEBPB,CREG1,ALAS1,BTG2,MKNK2,CSAD,B2M,RPS6,DDIT4,JUN,TUBB2A,F11R,CEBPA,REEP5,CMC1,PPCS,MAP1LC3B,RPS28,ACOX1,IFRD1,DNAJA3,DPYD,CRYZ,LASP1,ATP1B1,AMD1,TGIF1,BTG1,STIM1,IP6K2,LGALSL,RNF103"
CHEA_gene_set_library_crisp,6597,SMARCA4,0.00027621235483591897,3.5587568995551373,3184,193,53,21585,"CTH,PPP1R3C,EHHADH,CDKN1A,TDO2,SLC38A2,FAM89A,CDH1,ACSM3,ZFP36,AHCY,DAP,COQ10B,CLDN3,APLP2,NFKBIA,FZD1,TIFA,PGRMC1,MYC,DDIT4,SLC25A1,BHMT,PPARD,H6PD,GSTT2,JUND,NFIL3,CMC1,CSNK1D,PNRC1,SERPINC1,LITAF,DPYD,PDLIM1,GABARAPL1,AQP8,CRYZ,TMSB10,CITED2,DHCR7,AAMDC,B3GALT1,FBXO3,AHR,LASP1,PKDCC,DUSP1,SRSF4,STRADB,TGIF1,BTG1,ACYP1"
CHEA_gene_set_library_crisp,4602,MYB,0.0002965488053174135,3.5279038212347604,903,200,24,21585,"CEBPB,ALAS1,SLC38A2,ZFP36,MKNK2,FBXO9,MYC,PCP4L1,PPARD,NFIL3,HEBP1,MAP1LC3B,ACAD9,GSTM1,TMSB10,CITED2,B3GALT1,MOCOS,DUSP1,IDH1,SLC25A39,BTG1,LPIN2,IL6R"
CHEA_gene_set_library_crisp,10155,TRIM28,0.0002995170478984975,3.5235784534164503,3708,211,63,21585,"APOC1,MLC1,PPP1R3C,TSKU,CEBPB,CDKN1A,NQO1,SLC25A25,ACADM,ALAS1,NR0B2,ACAD10,ANGPTL4,DHCR24,MFSD2A,FBXO9,KLF15,DAP,COQ10B,CSAD,APLP2,POLG2,FZD1,RPS6,BST2,SERF2,JUN,SLC25A1,CABP2,GCK,NDUFB8,REEP5,JUND,CMC1,RPS19,EBPL,MAP1LC3B,SLC25A32,CSNK1D,PNRC1,IFRD1,BCL3,DLST,GSTM1,CITED2,NDRG2,FLNB,PTTG1IP,ENC1,AHR,LASP1,ATP1B1,HMGN3,DUSP1,AMD1,INSIG1,IDH1,BTG1,IL6R,STIM1,RAB7A,SCLY,LYRM2"
CHEA_gene_set_library_crisp,2908,NR3C1,0.0003085855517690123,3.5106244118240184,1830,70,19,21585,"CTH,SDC4,MT2A,TSC22D3,PPP1R3C,CEBPB,CDKN1A,TDO2,APOL3,SCD,TAT,CLPX,ACSM3,ZFP36,MKNK2,DAP,COQ10B,SIK1,NFKBIA"
CHEA_gene_set_library_crisp,4087,SMAD2,0.0005579415025725385,3.253411332319959,1855,200,37,21585,"MT2A,ERRFI1,TSKU,CDKN1A,MGST3,SCD,SLC38A2,ANGPTL4,PPP1R15A,BTG2,TMEM176B,CLDN3,NFKBIA,MYC,DDIT4,TUBB2A,F11R,RARRES2,COL18A1,CLDN7,IL1RN,REEP5,NFIL3,AKR1C1,ACOX1,IFRD1,ACAD9,PDLIM1,GABARAPL1,PALD1,ENC1,AHR,ST6GALNAC4,TGIF1,BTG1,ACYP1,IL6R"
CHEA_gene_set_library_crisp,4780,NFE2L2,0.0006958756375438492,3.157468367795084,1484,193,31,21585,"MT2A,TSKU,CEBPB,CREG1,CDKN1A,NQO1,EPHX1,ACACB,DAP,CLDN3,ENTPD5,RPS6,ETNPPL,PPARD,PNRC1,DPYD,GABARAPL1,GSTM1,CRYZ,CITED2,PTTG1IP,ENC1,AHR,ATP1B1,PKDCC,IVD,DUSP1,IDH1,TGIF1,BTG1,ACYP1"
CHEA_gene_set_library_crisp,5460,POU5F1,0.0008629034162726664,3.06403781161643,6009,229,94,21585,"CTH,APOC1,SDC4,APOC4,TSKU,ORM1,CDKN1A,EPHX1,SLC25A25,APOC2,MGST3,SCD,METTL7B,SLC38A2,TAT,CDH1,PPP1R15A,DHCR24,ZFP36,TMEM176B,FBXO9,AHCY,CLDN3,SLCO2A1,CSAD,NFKBIA,FZD1,PGRMC1,MYC,BST2,DDIT4,JUN,F11R,COL18A1,SLC25A1,CLDN7,PPARD,DCXR,ECI1,RPL36,GCK,NDUFB8,GSTT2,JUND,TMEM140,RPS19,NR1I3,PPCS,MAP1LC3B,RPS28,PNRC1,SESN2,ACOX1,IFRD1,DPYD,PDLIM1,BCL3,DLST,PALD1,TMEM98,FKBP8,TMSB10,CITED2,DHCR7,OOEP,MAFB,FLNB,PTTG1IP,ENC1,AHR,LASP1,PKDCC,IVD,MOCOS,DUSP1,SRSF4,ST6GALNAC4,IDH1,SLC25A39,TGIF1,SLC13A2,RAB7A,SLC6A9,PROZ,TCEA3,RNF103,GCHFR,WBP1L,CTDSP1,PARP9,GLS2,RPS21,AP2A2,AMOTL2"
CHEA_gene_set_library_crisp,8856,NR1I2,0.0012783612514788009,2.893346401769115,813,210,22,21585,"SDC4,ERRFI1,ORM1,EPHX1,SLC25A47,TAT,CDH1,ACSM3,MFSD2A,NFKBIA,PGRMC1,COL18A1,MAT1A,CXCL1,DNAJA3,AQP8,GSTM1,FLNB,AHR,LPIN2,PROZ,SCLY"
CHEA_gene_set_library_crisp,3297,HSF1,0.001605599099502312,2.7943628840938683,845,83,13,21585,"SDC4,CEBPB,SLC25A25,NR0B2,SLC38A2,SLC25A15,ANGPTL4,ACACB,ZFP36,MKNK2,BST2,DDIT4,JUN"
CHEA_gene_set_library_crisp,2100,ESR2,0.001986465401625458,2.701918994673053,419,217,15,21585,"TSC22D3,ACAD10,ANGPTL4,CDH1,SLCO2A1,SIK1,MYC,CEBPA,PDLIM1,BCL3,FLNB,ENC1,ATP1B1,ENTPD8,APMAP"
CHEA_gene_set_library_crisp,8320,EOMES,0.001987097438722505,2.701780836432225,2455,218,46,21585,"SDC4,TSC22D3,TSKU,ORM1,ACADM,SCD,CDH1,BTG2,ZFP36,CLDN3,APLP2,POLG2,PGRMC1,RPS6,MYC,DDIT4,F11R,COL18A1,ETNPPL,CLDN7,PPARD,DHTKD1,GSTT2,NFIL3,MAP1LC3B,LITAF,PNKD,SESN2,ACAD9,PDLIM1,GABARAPL1,DLST,CRYZ,CITED2,DHCR7,AAMDC,ENC1,LASP1,SLC25A39,TGIF1,ACYP1,RAB7A,TCEA3,RNF103,APMAP,POLR3K"
CHEA_gene_set_library_crisp,112939,NACC1,0.002130481865609983,2.6715221581070554,713,229,21,21585,"APOC1,CDKN1A,NQO1,SLC25A25,BTG2,CSAD,NFKBIA,COL18A1,RPS19,DNAJA3,GSTM1,CITED2,ENC1,ATP1B1,ST6GALNAC4,IDH1,TGIF1,TCEA3,CTDSP1,RPS21,AMOTL2"
CHEA_gene_set_library_crisp,571,BACH1,0.0027320287624636582,2.563514732767409,1307,66,14,21585,"UBD,IGFBP1,CEBPB,CREG1,NQO1,TAT,ACAD10,ANGPTL4,ACACB,CDH1,FBXO9,CLDN3,SLCO2A1,B2M"
CHEA_gene_set_library_crisp,10062,NR1H3,0.0032960210613739594,2.482010021850751,597,179,16,21585,"APOC1,HAMP,MT2A,SCD,SLC38A2,FAM89A,JUN,IL1RN,EBPL,MAP1LC3B,BCL3,CRYZ,SLCO2B1,CITED2,MAFB,DUSP1"
CHEA_gene_set_library_crisp,861,RUNX1,0.006563266225357794,2.182879979125851,7096,221,100,21585,"CTH,MLC1,TSC22D3,ERRFI1,TSKU,CREG1,ACADM,APOC2,MGST3,SCD,SLC38A2,SLC25A15,ANGPTL4,DHCR24,PPP1R3B,BTG2,MKNK2,C8G,FBXO9,KLF15,DAP,CLDN3,CSAD,SIK1,APLP2,POLG2,NFKBIA,FZD1,PGRMC1,ENTPD5,MYC,SERF2,DDIT4,CXCL9,TUBB2A,F11R,RARRES2,COL18A1,ATOX1,PPARD,DCXR,ECI1,DHTKD1,UROC1,CEBPA,REEP5,JUND,IGSF5,RPS19,HEBP1,NR1I3,PPCS,MAP1LC3B,CSNK1D,ACOX1,IFRD1,ACAD9,DNAJA3,PDLIM1,BCL3,GABARAPL1,DLST,PALD1,GSTM1,SERPING1,TMSB10,SLCO2B1,CITED2,B3GALT1,FLNB,PTTG1IP,AHR,LASP1,ATP1B1,PKDCC,SUPT4H1,IVD,DUSP1,NUCB1,AMD1,ST6GALNAC4,INSIG1,STRADB,IDH1,SLC25A39,TGIF1,SLC13A2,LPIN2,IL6R,STIM1,CDC42EP4,RAB7A,IP6K2,LGALSL,TCEA3,APMAP,POLR3K,GCHFR,WBP1L,CTDSP1"
CHEA_gene_set_library_crisp,9314,KLF4,0.007324768614142859,2.1352060899073875,4364,199,63,21585,"CTH,APOC1,SDC4,CDKN1A,NQO1,SLC25A25,ACADM,MGST3,SCD,SLC38A2,FAM89A,BTG2,MFSD2A,ZFP36,REEP6,AHCY,KLF15,DAP,COQ10B,CLDN3,POLG2,NFKBIA,FZD1,MYC,BST2,JUN,TUBB2A,COL18A1,SLC25A1,WFDC2,CLDN7,ATOX1,CEBPA,GSTT2,JUND,CMC1,RPS19,GNMT,PPCS,MAP1LC3B,RPS28,LITAF,IFRD1,PDLIM1,BCL3,GSTM1,TMSB10,CITED2,NDRG2,MAFB,LASP1,ATP1B1,MOCOS,CHURC1,INSIG1,STRADB,IDH1,SLC25A39,TGIF1,ACYP1,SLC13A2,ETHE1,ALDH6A1"
CHEA_gene_set_library_crisp,10661,KLF1,0.008363150662796819,2.077630079296532,2117,206,38,21585,"PPP1R3C,TSKU,CREG1,NQO1,APOC2,MGST3,SCD,ACACB,DHCR24,BTG2,MKNK2,COQ10B,B2M,MYC,BST2,TUBB2A,CABP2,JUND,CMC1,HEBP1,RPS28,LITAF,ACAT1,SORD,DLST,TMEM98,CRYZ,CITED2,ECHDC3,SUPT4H1,CHURC1,SRSF4,INSIG1,STRADB,SLC25A39,LPIN2,RAB7A,SLC6A9"
CHEA_gene_set_library_crisp,3091,HIF1A,0.008426294115527377,2.07436338611573,314,221,12,21585,"PPP1R3C,ERRFI1,SCD,SLC38A2,ANGPTL4,DDIT4,MAP1LC3B,PNRC1,CITED2,DHCR7,DPT,CTDSP1"
CHEA_gene_set_library_crisp,1050,CEBPA,0.01107789441346206,1.9555427785528774,537,134,12,21585,"CTH,ORM1,PPP1R3B,FBXO9,COQ10B,SLCO2A1,EIF4EBP3,H6PD,CEBPA,MAT1A,CSNK1D,SERPINC1"
CHEA_gene_set_library_crisp,2624,GATA2,0.011469408385737581,1.9404589832701418,4378,221,68,21585,"SDC4,MT2A,IGFBP1,ERRFI1,TSKU,CEBPB,CREG1,ORM1,CDKN1A,NQO1,ALAS1,SCD,ACAD10,CDH1,PPP1R15A,DHCR24,BTG2,ZFP36,DAP,CLDN3,FZD1,ENTPD5,BST2,DDIT4,JUN,F11R,COL18A1,SLC25A1,CLDN7,PPARD,MAT1A,NR1I3,PNRC1,SESN2,ACAT1,DNAJA3,BCL3,SORD,GABARAPL1,AQP8,PALD1,SERPING1,FKBP8,SLCO2B1,PTTG1IP,LASP1,ATP1B1,PKDCC,SUPT4H1,MOCOS,DUSP1,SRSF4,INSIG1,UOX,IDH1,BTG1,LPIN2,ETHE1,IL6R,STIM1,CDC42EP4,SLC6A9,SCLY,CA8,PTGR1,GCHFR,WBP1L,CTDSP1"
CHEA_gene_set_library_crisp,2078,ERG,0.013885672188473202,1.8574330917380906,3085,227,53,21585,"IGFBP1,PPP1R3C,CEBPB,CREG1,CDKN1A,TDO2,SLC38A2,CLPX,CDH1,DHCR24,C8G,TMEM176B,COQ10B,POLG2,TIFA,MYC,CLDN7,ECI1,NDUFB8,REEP5,HEBP1,DNAJA3,SORD,DLST,CRYZ,B3GALT1,PTTG1IP,SUPT4H1,MOCOS,DUSP1,NUCB1,CHURC1,SRSF4,INSIG1,STRADB,BTG1,ACYP1,SLC13A2,LPIN2,ETHE1,STIM1,CDC42EP4,SCLY,LYRM2,RNF103,POLR3K,WBP1L,CTDSP1,UPB1,PARP9,RPS21,MAFF,AP2A2"
CHEA_gene_set_library_crisp,6776,STAT5A,0.015413741940861606,1.812091916311343,1065,140,18,21585,"EHHADH,TSKU,CDKN1A,SCD,CLPX,PPP1R3B,SLCO2A1,POLG2,PIGR,WFDC2,CLDN7,PPARD,H6PD,REEP5,IGSF5,CMC1,PNRC1,ACAT1"
CHEA_gene_set_library_crisp,4781,NFIB,0.015471426533118837,1.8104696406058072,531,229,16,21585,"ERRFI1,FAM89A,PPP1R15A,DHCR24,TMEM176B,DAP,SIK1,JUN,NFIL3,PNRC1,PKDCC,INSIG1,BTG1,IL6R,POLR3K,AMOTL2"
CHEA_gene_set_library_crisp,64321,SOX17,0.017101797245549367,1.7669582467534763,1825,220,35,21585,"ORM1,SLC25A25,ACADM,SCD,SLC38A2,BTG2,DAP,APLP2,NFKBIA,PIGR,ATOX1,TMEM140,EBPL,MAP1LC3B,PNRC1,SESN2,ACOX1,DPYD,PDLIM1,SORD,AQP8,FKBP8,TMSB10,CITED2,DHCR7,ENC1,ATP1B1,UOX,STRADB,IDH1,RAB7A,IP6K2,RNF103,CA8,WBP1L"
CHEA_gene_set_library_crisp,5916,RARG,0.019858332135974426,1.7020572298869705,364,179,11,21585,"CEBPB,ACADM,COQ10B,F11R,IL1RN,NDUFB8,IFRD1,GABARAPL1,PTTG1IP,ECHDC3,DUSP1"
CHEA_gene_set_library_crisp,7543,ZFX,0.02755697649214477,1.5597684342538933,3167,190,46,21585,"APOC1,ERRFI1,EHHADH,TSKU,CEBPB,SLC25A25,ALAS1,NR0B2,SLC25A15,CLPX,FBXO9,AHCY,KLF15,UQCRQ,CLDN3,POLG2,NFKBIA,RPS6,SERF2,ATOX1,ECI1,RPL36,H6PD,NDUFB8,REEP5,JUND,RPS19,EBPL,SLC25A32,CSNK1D,ACOX1,IFRD1,ACAT1,PDLIM1,GABARAPL1,DLST,AAMDC,FBXO3,FLNB,PTTG1IP,ECHDC3,IVD,MOCOS,INSIG1,STRADB,SLC25A39"
CHEA_gene_set_library_crisp,1045,CDX2,0.030213431180144714,1.5197999513905316,750,226,19,21585,"SDC4,ERRFI1,MFSD2A,PIGR,MYC,DDIT4,JUN,F11R,BHMT,CLDN7,CEBPA,PNKD,CITED2,FBXO3,ENC1,IDH1,IL6R,RNF103,MAFF"
CHEA_gene_set_library_crisp,2103,ESRRB,0.032680088196793765,1.4857167800671263,1381,209,27,21585,"APOC1,ALAS1,MGST3,NR0B2,SLC25A15,UQCRQ,APLP2,COL18A1,UROC1,H6PD,NDUFB8,CSNK1D,PNKD,ACAT1,BCL3,DLST,NDRG2,FLNB,AHR,ATP1B1,HMGN3,MOCOS,CHURC1,IDH1,STIM1,IP6K2,LGALSL"
CHEA_gene_set_library_crisp,602,BCL3,0.03529235561768059,1.4523193533255552,838,189,18,21585,"SDC4,ALAS1,SLC25A47,COQ10B,NFKBIA,SERF2,UROC1,CEBPA,GSTT2,JUND,HEBP1,CXCL1,MAP1LC3B,PNRC1,NME3,AMD1,STRADB,IDH1"
CHEA_gene_set_library_crisp,6908,TBP,0.04199451468247255,1.3768074333809333,822,229,20,21585,"ERRFI1,TSKU,CEBPB,CDKN1A,ZFP36,MKNK2,MYC,RPL36,NFIL3,MAP1LC3B,DNAJA3,DNAJC12,FKBP8,CITED2,LASP1,NME3,TGIF1,CTDSP1,TYMP,AMOTL2"